type,site,selection,p
ds1,1,none,0
dsvar,1,none,0
ds1,2,none,0
dsvar,2,none,0
ds1,3,none,0
dsvar,3,none,0
ds1,4,none,0
dsvar,4,none,0
ds1,5,none,0
dsvar,5,none,0
ds1,6,none,0
dsvar,6,none,0
ds1,7,none,0
dsvar,7,none,0
ds1,8,none,0
dsvar,8,none,0
ds1,9,none,1.0
dsvar,9,P,0.0409839632457
ds1,10,none,0
dsvar,10,none,0
ds1,11,N,0.0689375987442
dsvar,11,N,0.0156874941026
ds1,12,none,0
dsvar,12,none,0
ds1,13,none,0
dsvar,13,none,0
ds1,14,none,0
dsvar,14,none,0
ds1,15,none,0
dsvar,15,none,0
ds1,16,none,0
dsvar,16,none,0
ds1,17,none,0
dsvar,17,none,0
ds1,18,none,0
dsvar,18,none,0
ds1,19,none,0
dsvar,19,none,0
ds1,20,none,0
dsvar,20,none,0
ds1,21,none,0
dsvar,21,none,0
ds1,22,none,0.163647818925
dsvar,22,N,0.0900745600496
ds1,23,none,0
dsvar,23,none,0
ds1,24,none,0
dsvar,24,none,0
ds1,25,none,0
dsvar,25,none,0
ds1,26,none,0
dsvar,26,none,0
ds1,27,none,0
dsvar,27,none,0
ds1,28,none,0
dsvar,28,none,0
ds1,29,none,0
dsvar,29,none,0
ds1,30,none,0
dsvar,30,none,0
ds1,31,none,0.452573168031
dsvar,31,N,0.00469800582443
ds1,32,none,0
dsvar,32,none,0
ds1,33,none,0
dsvar,33,none,0
ds1,34,P,0.0679409445942
dsvar,34,P,0.0351624801139
ds1,35,none,0
dsvar,35,none,0
ds1,36,none,1.0
dsvar,36,N,0.00921863596004
ds1,37,none,0
dsvar,37,none,0
ds1,38,none,0
dsvar,38,none,0
ds1,39,none,0
dsvar,39,none,0
ds1,40,none,0
dsvar,40,none,0
ds1,41,none,0
dsvar,41,none,0
ds1,42,none,0
dsvar,42,none,0
ds1,43,none,0
dsvar,43,none,0
ds1,44,none,0
dsvar,44,none,0
ds1,45,N,0.0189069701867
dsvar,45,N,0.0187542239002
ds1,46,none,0
dsvar,46,none,0
ds1,47,N,0.0453793679699
dsvar,47,N,0.0162420691797
ds1,48,none,0
dsvar,48,none,0
ds1,49,none,0
dsvar,49,none,0
ds1,50,none,0
dsvar,50,none,0
ds1,51,none,0
dsvar,51,none,0
ds1,52,none,0
dsvar,52,none,0
ds1,53,none,1.0
dsvar,53,P,0.0972841282236
ds1,54,none,0
dsvar,54,none,0
ds1,55,none,0.174240468498
dsvar,55,P,0.0496232272152
ds1,56,none,0
dsvar,56,none,0
ds1,57,none,0
dsvar,57,none,0
ds1,58,none,0
dsvar,58,none,0
ds1,59,none,0
dsvar,59,none,0
ds1,60,none,0.256698269819
dsvar,60,N,0.0741774026567
ds1,61,none,0
dsvar,61,none,0
ds1,62,none,0
dsvar,62,none,0
ds1,63,none,0
dsvar,63,none,0
ds1,64,none,0.229871468058
dsvar,64,P,0.0675880917701
ds1,65,N,0.0112297816821
dsvar,65,N,0.000867322534518
ds1,66,none,0
dsvar,66,none,0
ds1,67,none,0
dsvar,67,none,0
ds1,68,none,0
dsvar,68,none,0
ds1,69,none,0
dsvar,69,none,0
ds1,70,none,0.112492387925
dsvar,70,N,0.0778918939847
ds1,71,none,0.198769553171
dsvar,71,N,0.0568231777259
ds1,72,none,0
dsvar,72,none,0
ds1,73,none,0
dsvar,73,none,0
ds1,74,none,0
dsvar,74,none,0
ds1,75,none,0
dsvar,75,none,0
ds1,76,none,0
dsvar,76,none,0
ds1,77,none,0
dsvar,77,none,0
ds1,78,N,0.0463432131112
dsvar,78,N,0.0462858789719
ds1,79,none,0
dsvar,79,none,0
ds1,80,none,0
dsvar,80,none,0
ds1,81,none,0.154164662351
dsvar,81,P,0.0440744191578
ds1,82,N,0.0416977814331
dsvar,82,N,0.0127606686527
ds1,83,none,0
dsvar,83,none,0
ds1,84,none,0
dsvar,84,none,0
ds1,85,none,0
dsvar,85,none,0
ds1,86,none,0
dsvar,86,none,0
ds1,87,N,0.00754895939202
dsvar,87,N,0.000102944740151
ds1,88,none,0
dsvar,88,none,0
ds1,89,none,0
dsvar,89,none,0
ds1,90,none,0
dsvar,90,none,0
ds1,91,none,0
dsvar,91,none,0
ds1,92,none,0
dsvar,92,none,0
ds1,93,none,0
dsvar,93,none,0
ds1,94,none,0
dsvar,94,none,0
ds1,95,N,0.0630434588566
dsvar,95,N,0.0579483211363
ds1,96,none,0
dsvar,96,none,0
ds1,97,none,0
dsvar,97,none,0
ds1,98,none,0.262000547487
dsvar,98,P,0.0924428845907
ds1,99,none,0
dsvar,99,none,0
ds1,100,none,0
dsvar,100,none,0
ds1,101,none,0
dsvar,101,none,0
ds1,102,none,0.166979139907
dsvar,102,P,0.0854928088239
ds1,103,none,0
dsvar,103,none,0
ds1,104,none,0
dsvar,104,none,0
ds1,105,none,0
dsvar,105,none,0
ds1,106,none,0.116706216473
dsvar,106,P,0.0874135985165
ds1,107,none,0
dsvar,107,none,0
ds1,108,none,0
dsvar,108,none,0
ds1,109,none,0
dsvar,109,none,0
ds1,110,N,0.00304432522391
dsvar,110,N,0.00239003089865
ds1,111,none,0
dsvar,111,none,0
ds1,112,none,0
dsvar,112,none,0
ds1,113,P,0.0256827696454
dsvar,113,P,0.0176662532682
ds1,114,none,0
dsvar,114,none,0
ds1,115,none,0
dsvar,115,none,0
ds1,116,N,0.00560364035964
dsvar,116,N,0.00527687992104
ds1,117,P,0.0552353567389
dsvar,117,P,0.0221252972491
ds1,118,none,0
dsvar,118,none,0
ds1,119,none,0
dsvar,119,none,0
ds1,120,N,0.0301342002839
dsvar,120,N,0.0301000648467
ds1,121,none,0
dsvar,121,none,0
ds1,122,none,0
dsvar,122,none,0
ds1,123,N,0.0395543319815
dsvar,123,N,0.00476942283698
ds1,124,none,0
dsvar,124,none,0
ds1,125,N,0.0368633573915
dsvar,125,N,0.033584453543
ds1,126,none,0
dsvar,126,none,0
ds1,127,none,0
dsvar,127,none,0
ds1,128,none,0
dsvar,128,none,0
ds1,129,none,1.0
dsvar,129,N,0.0669383682011
ds1,130,none,0.232814628708
dsvar,130,N,0.0396081273931
ds1,131,none,0
dsvar,131,none,0
ds1,132,none,0.135234511737
dsvar,132,N,0.0648413253255
ds1,133,N,0.0807559127942
dsvar,133,N,0.0594222608209
ds1,134,none,0
dsvar,134,none,0
ds1,135,none,0
dsvar,135,none,0
ds1,136,none,1.0
dsvar,136,N,0.0494125811176
ds1,137,none,0
dsvar,137,none,0
ds1,138,none,0
dsvar,138,none,0
ds1,139,none,0
dsvar,139,none,0
ds1,140,none,0
dsvar,140,none,0
ds1,141,none,0
dsvar,141,none,0
ds1,142,none,0
dsvar,142,none,0
ds1,143,none,0
dsvar,143,none,0
ds1,144,none,0
dsvar,144,none,0
ds1,145,none,0
dsvar,145,none,0
ds1,146,none,0
dsvar,146,none,0
ds1,147,none,0
dsvar,147,none,0
ds1,148,none,0
dsvar,148,none,0
ds1,149,P,0.062962492298
dsvar,149,P,0.0224719942072
ds1,150,none,0
dsvar,150,none,0
ds1,151,none,0
dsvar,151,none,0
ds1,152,none,0
dsvar,152,none,0
ds1,153,none,0
dsvar,153,none,0
ds1,154,none,0
dsvar,154,none,0
ds1,155,none,0
dsvar,155,none,0
ds1,156,none,0
dsvar,156,none,0
ds1,157,none,0
dsvar,157,none,0
ds1,158,none,0
dsvar,158,none,0
ds1,159,none,0
dsvar,159,none,0
ds1,160,none,0
dsvar,160,none,0
ds1,161,none,0
dsvar,161,none,0
ds1,162,none,0
dsvar,162,none,0
ds1,163,none,0
dsvar,163,none,0
ds1,164,none,0.24627561111
dsvar,164,N,0.00361840825127
ds1,165,none,0
dsvar,165,none,0
ds1,166,N,0.00127431705219
dsvar,166,N,0.000650321708135
ds1,167,none,0
dsvar,167,none,0
ds1,168,none,0
dsvar,168,none,0
ds1,169,none,0
dsvar,169,none,0
ds1,170,none,0
dsvar,170,none,0
ds1,171,none,0
dsvar,171,none,0
ds1,172,none,0.164937938731
dsvar,172,P,0.0876483382222
ds1,173,none,0
dsvar,173,none,0
ds1,174,none,0
dsvar,174,none,0
ds1,175,none,0
dsvar,175,none,0
ds1,176,none,1.0
dsvar,176,N,0.0325479655298
ds1,177,none,0
dsvar,177,none,0
ds1,178,none,0
dsvar,178,none,0
ds1,179,none,0
dsvar,179,none,0
ds1,180,none,0
dsvar,180,none,0
ds1,181,none,0
dsvar,181,none,0
ds1,182,none,0
dsvar,182,none,0
ds1,183,none,0
dsvar,183,none,0
ds1,184,none,0
dsvar,184,none,0
ds1,185,none,0
dsvar,185,none,0
ds1,186,none,0
dsvar,186,none,0
ds1,187,none,0
dsvar,187,none,0
